{
    "not_allowed": {

    },
    "main_keyboard": {
        "get_prices": {
            "fa": "مشاهده قیمت ها",
            "en": "View Prices"
        },
        "config_lists": {
            "fa": "لیست مشاهده قیمت ها",
            "en": "View List of Prices"
        },
        "calculator": {
            "fa": "ماشین حساب",
            "en" : "Calculator"
        },
        "config_calculator": {
            "fa": "لیست ماشین حساب من",
            "en": "My Calculator List"
        },
        "price_notification": {
            "fa": "ایجاد هشدار قیمت",
            "en": "Create a Price Alert"
        },
        "config_notification": {
            "fa": "لیست هشدار قیمت من",
            "en": "My Price Alert List"
        },
        "settings": {
            "fa": "⚙️ تنظیمات",
            "en": "⚙️ Settings"
        }
    },
    "keyboard": {
        "crypto": {
            "fa": "بازار ارز دیجیتال",
            "en": "Cryptocurrency"
        },
        "currency": {
            "fa": "بازار ارز",
            "en": "National Currency"
        },
        "gold": {
            "fa": "بازار طلا",
            "en": "Gold"
        },
        "return": {
            "fa": "بازگشت", 
            "en": "Return"
        },
        "cancel": {
            "fa": "لغو", 
            "en": "Cancel"
        },
        "close": {
            "fa": "❌ بستن",
            "en": " ❌ Close"
        },
        "premium": {
            "fa": "💎 پریمیوم",
            "en": "💎 Premium"
        }
    },
    "config_which_market": {
        "fa": "🔹 واحد مدنظرتان در کدام بازار قرار دارد؟",
        "en": "🔹 In which market is your desired unit located?"
    },
    "ask_subscription_message": {
        "fa": "کاربر عزیز🌷🙏\n\n⚠️ برای استفاده از انواع بازارهای مالی مختلف در [ ربات قیمت لحظه ای ] باید عضو کانال های زیر شوید:\n\n🆔 %s\n🆔 %s\n\n✅ بعد از عضویت در این کانال ها، دوباره بر روی گزینه دلخواه خود کلیک کنید.",
        "en": "Dear user🌷🙏\nTo use our vast range of financial market in [ Online Pricer Telegram Bot ] we must ask you to join our channels below:\n\nn🆔 %s\nn🆔 %s\n\nAfter joining these channels you can freely start using our services."
    },
    "channels_summary": {
        "fa": "🆔 آدرس کانال: %s\n⚜️ آدرس دیگر مجموعه های ما: %s\n",
        "en": "🆔 Channel URL: %s\n⚜️ Our other links: %s\n"
    },
    "list_updated": {
        "fa": "✅ لیست مربوطه با موفقیت به روزرسانی شد.",
        "en": "✅ This last has been successfully updated."
    },
    "errors": {
        "max_selection": {
            "fa": "⚠️ تعداد موارد انتخابی شما به سقف مجاز (%d عدد) رسیده است.",
            "en": "⚠️ The number of your selected items has reached the limit (10 items)."
        },
        "buy_premium_to_extend": {
            "fa": "\n\n💎 با پریمیوم کردن رباتتان می توانید تا ۱۰۰ قیمت را در لیست خود اضافه کنید",
            "en": "\n\n💎 By premiumizing your bot, you can add up to 100 prices to your list."
        },
        "unknown": {
            "fa": "یک مشکل غیرمنتظره اتفاق افتاده است. لطفا دوباره تلاش کنید.",
            "en": "An unexpected error has happened. Please try again."
        }
    },
    "select_your_set": {
        "fa": "🔹 بر روی گزینه های مدنظرتان کلیک کنید تا در لیستتان اضافه شوند:",
        "en": "🔹 Click on the options you want to add to your list:"
    }
}