{
    "BTC": "بیت کوین",
    "ETH": "اتریوم",
    "USDT": "تتر",
    "BNB": "بایننس کوین",
    "DOGE": "دوج کوین",
    "XRP": "ریپل",
    "ADA": "کاردانو",
    "SOL": "سولانا",
    "MATIC": "پالیگان",
    "DOT": "پولکادات",
    "TRX": "ترون",
    "AVAX": "آوالانچ",
    "LTC": "لایت کوین",
    "BCH": "بیت کوین کش",
    "XMR": "مونرو",
    "SHIB": "شیبا اینو",
    "LINK": "چین لینک",
    "ATOM": "کازماس",
    "UNI": "یونی سوآپ",
    "ICP": "اینترنت کامپیوتر",
    "ETC": "اتریوم کلاسیک",
    "TON": "تن کوین",
    "XLM": "استلار",
    "FIL": "فایل کوین",
    "HBAR": "هدرا هشگراف",
    "CRO": "کرونوس",
    "LDO": "لیدو دائو",
    "ARB": "آربیتروم",
    "NEAR": "نیر پروتکل",
    "VET": "وی چین",
    "APT": "ایپ کوین",
    "QNT": "کوانت",
    "ALGO": "آلگوراند",
    "GRT": "گراف",
    "FTM": "فانتوم",
    "EOS": "ایاس",
    "SAND": "سند باکس",
    "EGLD": "الروند",
    "MANA": "دسنترالند",
    "AAVE": "آوه",
    "THETA": "تتا نتورک",
    "STX": "استکس",
    "XTZ": "تزوس",
    "FLOW": "فلو",
    "AXS": "اکسی اینفینیتی",
    "CHZ": "چیلیز",
    "RNDR": "رندر توکن",
    "KCS": "کوکوین توکن",
    "NEO": "نئو",
    "CRV": "کرو دائو",
    "CSPR": "کسپر",
    "KLAY": "کلایتون",
    "OP": "اپتیمیسم",
    "MKR": "میکر",
    "LUNC": "لونا کلاسیک",
    "BSV": "ساتوشی ویژن",
    "SNX": "سینتتیکس",
    "ZEC": "زی کش",
    "BTT": "بیت تورنت",
    "MINA": "مینا",
    "XEC": "ای کش",
    "HT": "هیوبی توکن",
    "DASH": "دش",
    "MIOTA": "آیوتا",
    "PAXG": "پکس گلد",
    "CAKE": "پنکیک سوآپ",
    "GT": "گیت توکن",
    "TWT": "تراست ولت توکن",
    "FLR": "فلر",
    "LRC": "لوپرینگ",
    "ZIL": "زیلیکا",
    "WOO": "وو",
    "RUNE": "تورچین",
    "DYDX": "دی وای دی ایکس",
    "CVX": "کانوکس فایننس",
    "NEXO": "نکسو",
    "KAVA": "کاوا",
    "INJ": "انجین کوین",
    "1INCH": "وان اینچ",
    "OSMO": "اسموسیس",
    "BAT": "بت",
    "ROSE": "رز",
    "MASK": "ماسک نتورک",
    "FLOKI": "فلوکی اینو",
    "GALA": "گالا",
    "KSM": "کوساما",
    "ONE": "هارمونی",
    "HNT": "هلیوم",
    "AR": "آرویو",
    "GMT": "استپن",
    "SUSHI": "سوشی سوآپ",
    "KDA": "کادنا",
    "BABYDOGE": "بیبی دوج کوین",
    "YFI": "یرن فایننس",
    "C98": "کوین 98",
    "CFX": "کانفلاکس",
    "LUNA": "ترا",
    "PEPE": "پپه",
    "SUI": "سویی"
}