{
    "USD": "دلار (آمریکا)",
    "EUR": "یورو (اروپا)",
    "AED": "درهم (امارات)",
    "GBP": "پوند (انگلیس)",
    "TRY": "لیر (ترکیه)",
    "CHF": "فرانک (سوئیس)",
    "CNY": "یوان (چین)",
    "JPY": "ین (ژاپن)",
    "KRW": "وون (کره جنوبی)",
    "CAD": "دلار (کانادا)",
    "AUD": "دلار (استرالیا)",
    "NZD": "دلار (نیوزیلند)",
    "SGD": "دلار (سنگاپور)",
    "HKD": "دلار (هنگ کنگ)",
    "INR": "روپیه (هند)",
    "PKR": "روپیه (پاکستان)",
    "AFN": "افغانی (افغانستان)",
    "DKK": "کرون (دانمارک)",
    "SEK": "کرون (سوئد)",
    "NOK": "کرون (نروژ)",
    "SAR": "ریال (عربستان)",
    "QAR": "ریال (قطر)",
    "OMR": "ریال (عمان)",
    "KWD": "دینار (کویت)",
    "BHD": "دینار (بحرین)",
    "IQD": "دینار (عراق)",
    "MYR": "رینگیت (مالزی)",
    "THB": "بات (تایلند)",
    "RUB": "روبل (روسیه)",
    "AZN": "منات (آذربایجان)",
    "TMT": "منات (ترکمنستان)",
    "AMD": "درام (ارمنستان)",
    "GEL": "لاری (گرجستان)",
    "KGS": "سوم (قرقیزستان)",
    "TJS": "سامانی (تاجیکستان)",
    "SYP": "لیر (سوریه)"
}